id,question,choice_a,choice_b,choice_c,choice_d,answer,explanation
1,次の文は、曲率のある管材（エルボ部）の厚さ測定の内外周探傷ピッチについて述べたものである。正しいものを一つ選び、記号で答えよ。,エルボ部内周部と外周部は同じ探傷ピッチで行う。,エルボ部内周部は外周部より探傷ピッチを大きくする。,エルボ部外周部は内周部より探傷ピッチを大きくする。,エルボ部外周部も内周部も曲率のない直管と同じ探傷ピッチで行う。,b,エルボ部内周部は外周部より探傷ピッチを大きくする。減肉の著しい部位、すなわち外周部（背側）の管軸方向の曲管部中央付近及びやや下流側の位置を細ピッチで測定するのがよい。
2,次の文は、超音波探傷試験を行う目的について述べたものである。適切なものを一つ選び、記号で答えよ。,製品の破損防止のために、超音波探傷試験を行う。,製品の品質保証のために、超音波探傷試験を行う。,製品の価格を上げるために、超音波探傷試験を行う。,製品を安価に提供するために、超音波探傷試験を行う。,b,品質保証は、最終出荷物の品質を保証するために、規格や客先仕様などで決められた試験方法・判定基準などに基づき実施される。
3,次の文は、JIS Z 2305に基づく超音波探傷試験技術者レベル2の役割について述べたものである。正しいものを一つ選び、記号で答えよ。,日常、レベル1技術者に対して訓練・指導する責任はあるが、新しく資格を取得したレベル2技術者に対して訓練・指導を行ってはならない。,レベル2技術者は、超音波探傷試験方法の適用限界を決定することはできない。,レベル2技術者は、超音波探傷試験を実施するか、又はレベル1技術者が実施する超音波探傷試験を監督しなければならない。,超音波探傷試験結果を取りまとめて報告し、超音波探傷試験設備と職員についての全責任を持たなければならない。,c,レベル2技術者は、NDTを実施し、監督する。レベル2又はそれより下のレベルの全ての作業を実施し、監督する。
4,次の文は、超音波探傷試験における用語について述べたものである。正しいものを一つ選び、記号で答えよ。,板波は、薄い板状の固体を伝搬する波で、対称モードと非対称モードに分類され、モードが異なっても位相速度及び群速度は同じである。,SH波は、振動方向が試験体の表面と直角な横波で、一般的な斜角探傷試験に用いられる。,ガイド波は、細長い材料中を長手方向に探傷面と平行方向に伝搬する超音波で、長い配管の探傷に用いられる。,SV波は、振動方向が試験体の表面に垂直な面内で振動する横波で、特殊な超音波斜角探傷に用いる。,c,ガイド波は、パイプを軸方向に長距離伝搬する波である。パイプの内外面を境界として発生する波であり、減衰が少なく広範囲の検査が可能である。
5,次の文は、JIS Z 3060の適用範囲について述べたものである。正しいものを一つ選び、記号で答えよ。,JIS Z 3060では、厚さ6mm以上のフェライト系の鋼の完全溶込み溶接部の超音波探傷試験方法及び分類方法を規定している。,オーステナイト系ステンレス鋼溶接部の超音波探傷では、JIS Z 3060をそのまま適用することができる。,JIS Z 3060では、厚さ13mm以上のフェライト系の鋼及びオーステナイト系の鋼の完全溶込み溶接部の垂直探傷について規定している。,JIS Z 3060では、厚さ6mm以上のフェライト系の鋼の完全溶込み溶接部の自動探傷についても規定している。,a,JIS Z 3060の適用範囲では、厚さ6mm以上のフェライト系鋼の完全溶込み溶接部を規定している。
6,次の文は、JIS Z 3060に規定する超音波探傷装置の測定、調整及び点検について述べたものである。正しいものを一つ選び、記号で答えよ。,JIS Z 3060では、探傷器の定期点検は探傷作業の開始時のみ実施する。,JIS Z 3060では、入射点、屈折角、測定範囲及び探傷感度の調整及び点検は作業開始時にのみ行う。,JIS Z 3060では、探傷器の定期点検は、6か月に1回実施する。,JIS Z 3060では、入射点、屈折角、測定範囲及び探傷感度の調整及び点検は、作業開始時と4時間以内ごと及び作業終了時に行う。,d,JIS Z 3060では、入射点、STB屈折角、測定範囲及び探傷感度は、作業開始時に測定及び調整し、作業開始後4時間以内ごと及び作業終了時に点検する。
7,次の文は、音響インピーダンスについて述べたものである。正しいものを一つ選び、記号で答えよ。,周波数を高くすると、音響インピーダンスは小さくなる。,音響インピーダンスは、屈折角の計算に使用する。,音響インピーダンスは、密度と音速の積である。,音響インピーダンスは、2つの媒質の間の反射率である。,c,音響インピーダンス(Z)＝ρC（ρ：密度、C：音速）で求まる。
8,次の文は、音響インピーダンスと音圧反射率について述べたものである。正しいものを一つ選び、記号で答えよ。,音響インピーダンスは、音速と質量の積で表わされる。,低炭素鋼溶接部の母材と溶着金属のように、音響インピーダンスの値にあまり差のない場合には、その境界面では超音波がほとんど反射しない。,音響インピーダンスは、音圧反射率と無関係である。,音響インピーダンスの大きく異なる二つの物質の境界面に、超音波が垂直に入射すると、音圧反射率は、ほとんど0％になる。,b,音響インピーダンスにあまり差のない場合には境界面での反射はほとんど起こらない。
9,次の文は、音響インピーダンスについて述べたものである。正しいものを一つ選び、記号で答えよ。,音響インピーダンスは、比重と音速の積で表わされる。,音響インピーダンスは、密度と音速の積で表わされる。,音響インピーダンスは、波長と密度の積で表わされる。,音響インピーダンスは、振動数と比重の積で表わされる。,b,音響インピーダンス(Z)＝ρC（ρ：密度、C：音速）で求まる。
10,"次の文は、音圧反射率について述べたものである。片側に銅をクラッドした鋼板を鋼の側から周波数5MHzの探触子で垂直探傷した。境界面における音圧反射率は何％となるか。鋼：音速5,900m/s、密度7.8g/cm³、銅：音速4,700m/s、密度8.9g/cm³",2.4,2.9,4.8,9.6,c,音圧反射率＝(Z2－Z1)/(Z1＋Z2)より計算すると約4.8％となる。
11,全没水浸法で各種の材質の試験体を垂直探傷した。表面エコー高さが最大の試験体はどれか。水：1.5×10⁶、アクリル樹脂：3.2×10⁶、アルミニウム：16.9×10⁶、鋼：45.4×10⁶、銅：41.8×10⁶ kg/m²S,鋼,アクリル樹脂,銅,アルミニウム,a,表面エコーは音響インピーダンスが最も大きい鋼が最大となる。
12,"局部水浸法で厚さ30mmの鋼板を垂直探傷し、表面エコー高さを100％に調整したときの第1回底面エコー高さは何％となるか。材料中の減衰及び音場の拡散は考慮しない。鋼材密度7.8g/cm³、縦波音速5,920m/s、水の密度1g/cm³、音速1,480m/s",6,12,13,94,c,音圧往復通過率から計算すると約13％となる。
13,次の文は、水から鋼に超音波が入射するときの現象に関する記述である。正しいものを一つ選び、記号で答えよ。,水から鋼に垂直に入射した場合、水中では横波は伝搬しないため、境界面での反射は生じない。,水から鋼に斜めに入射した場合、水中では横波は伝搬しないため、鋼中に横波は伝搬しない。,縦波臨界角より大きな角度で水から鋼に斜め入射した場合、鋼中には横波だけが伝搬する。,水中の音速は鋼中の横波音速より小さいため、横波臨界角は存在しない。,c,縦波臨界角と横波臨界角の間で超音波が入射すると、屈折横波だけが伝搬する。
14,次の文は、超音波探傷における波長の影響について述べたものである。正しいものを選べ。,波長が長いほど、小さいきずを見つけやすい。,波長が短いほど、金属中における散乱減衰が大きくなる。,波長が短いほど、近距離音場限界距離は短くなる。,波長が長いほど、指向角は小さくなる。,b,波長が短いほど金属中における散乱減衰が大きくなる。
15,試験周波数と振動子直径が同じ垂直探触子で、縦波の探触子と横波の探触子の指向角と近距離音場限界距離について述べたものである。正しいものを一つ選び、記号で答えよ。,横波の探触子に比べて、縦波の探触子の方が指向角は大きく、近距離音場限界距離は長い。,横波の探触子に比べて、縦波の探触子の方が指向角は小さく、近距離音場限界距離は長い。,横波の探触子に比べて、縦波の探触子の方が指向角は大きく、近距離音場限界距離は短い。,横波の探触子に比べて、縦波の探触子の方が指向角は小さく、近距離音場限界距離は短い。,c,縦波λ＞横波λのため、指向角は縦波の方が大きく、近距離音場限界距離は縦波の方が短い。
16,次の文は、超音波の伝達特性について述べたものである。正しいものを一つ選び、記号で答えよ。,探傷面が粗い試験体では平滑な試験体に比べ、他の条件が同じ場合であっても、きずエコー高さは低くなる。,標準試験片のように表面が平滑な試験片では、接触媒質の種類を変えると、エコー高さは大きく異なる。,標準試験片のように表面が平滑な試験片の垂直探傷では、接触媒質層の厚さの変動によるエコー高さの差は少ない。,探傷面が粗い試験体の超音波探傷では、周波数が低い方が感度の低下量は大きくなる。,a,探傷面が粗い試験体では、平滑な試験体に比べて感度の低下量が大きくなり、きずエコー高さは低くなる。
17,次の文は、縦波と横波について述べたものである。正しいものを一つ選び、記号で答えよ。,横波は、せん断波とも呼ばれている。,グリセリンペーストを用いれば横波垂直探触子から発生した横波を直接試験体中に伝搬させることができる。,横波垂直探触子では縦波と横波が同時に発生している。,横波垂直探触子から発生する横波は、縦波からのモード変換によって試験体中に伝搬している。,a,横波は、せん断波とも呼ばれている。横波垂直探触子は横方向に振動する圧電素子で横波を発生する。
18,次の文は、表面波について述べたものである。正しいものを一つ選び、記号で答えよ。,表面波とは、水浸法において試験体表面で反射された波のことである。,鋼中の表面波の音速は、横波の音速に近く、その約0.9倍である。,表面波の振動方向は、縦波と同一である。,表面波は物体の表面に沿って伝搬する波であり、表面に開口した割れが存在すると超音波は100％反射される。,b,表面波の音速は鋼の場合2980m/sであり、横波3230m/sのおよそ0.9倍となる。
19,次の文は、鋼板の板波探傷について述べたものである。正しいものを一つ選び、記号で答えよ。,厚さ3mm程度の薄板の探傷には、板波が利用される。,板波を発生させるには、SH波探触子を使用する。,板波には、対称モードと非対称モードがあるが、それぞれ異なった一定の音速であるので、入射角を変化させていずれかのモードにして探傷する。,板波探傷には、板波探傷用の特殊な接触媒質を使用する。,a,板波は、主に薄板中を伝搬させる波として使用される。
20,"水浸法で鋼材を周波数5MHzの探触子で垂直探傷を行なった。この時の鋼材表面における音圧反射率は何％となるか。炭素鋼：音速5,900m/s、密度7.9g/cm³、水：音速1,480m/s、密度1.0g/cm³",0.9,88.0,93.8,96.8,c,音圧反射率＝(Z2－Z1)/(Z1＋Z2)より計算すると約93.8％となる。
21,アクリル樹脂と鋼との平らな境界面にアクリル樹脂側から縦波超音波が斜め入射した場合について述べたものである。入射角が縦波臨界角より小さい場合、鋼中にはどの波が伝搬するか。,鋼中には屈折横波だけが伝搬する。,鋼中には屈折縦波だけが伝搬する。,鋼中には屈折縦波と屈折横波が伝搬する。,鋼中には屈折縦波も屈折横波も伝搬しない。,c,入射角が縦波臨界角より小さい場合、鋼中には屈折縦波、屈折横波の両方が伝搬する。
22,アクリル樹脂と鋼との平らな境界面にアクリル樹脂側から縦波超音波が斜め入射した場合について述べたものである。入射角が縦波臨界角と横波臨界角の間にある場合、鋼中にはどの波が伝搬するか。,鋼中には屈折縦波だけが伝搬する。,鋼中には屈折横波だけが伝搬する。,鋼中には屈折縦波と屈折横波が伝搬する。,鋼中には屈折縦波も屈折横波も伝搬しない。,b,入射角が縦波臨界角と横波臨界角の間にある場合、横波だけが伝搬する。
23,"水浸法で鋼材を探傷するとき、鋼材への入射角を14.5°にすると、鋼中縦波の屈折角は何度となるか。鋼中縦波音速5,900m/s、横波音速3,230m/s、水中音速1,480m/s",14.5,27.2,33.1,86.5,d,スネルの法則より、sin14.5°/1480＝sinθL/5900で計算するとθL≒86.5°となる。
24,"5Z10×10A70(STB屈折角70.0°)の探触子でアルミニウムを超音波探傷するとき、その屈折角は何度になるか。鋼中縦波音速5,920m/s、横波音速3,255m/s、アルミニウム中縦波音速6,260m/s、横波音速3,080m/s",29.4,62.8,70.0,83.3,b,スネルの法則より計算するとθAL＝62.8°となる。
25,"板厚25mmのアルミニウム合金の突合せ溶接部を5Z10×10A70（STB屈折角71.0度）を用いて探傷した。この探触子のアルミニウム合金中の屈折角は何度となるか。アルミニウム合金中縦波音速6,380m/s、横波音速3,150m/s、STB-A1縦波音速5,900m/s、横波音速3,230m/s",30.3,67.2,71.0,75.8,b,θAL＝sin⁻¹(sin71.0°×3150/3230)＝67.2°となる。
26,鋼中で横波が裏面などの平面に入射角が30度で斜めに入射したとき、縦波の反射角は何度であるか。鋼中縦波音速5900m/s、横波音速3230m/s,16,30,60,66,d,縦波反射角βL＝sin⁻¹(sin30°×5900/3230)≒66°となる。
27,鋼材中で、横波超音波が直角な角に入射角68°で入射するとき、2回の反射による音圧反射率を求めると何％となるか。,13,20,42,83,c,コーナー部の反射では底面及び端面で2回反射が起こる。68°の入射角で入射した場合、端面での入射角は22°となり、音圧反射率は約42％となる。
28,5Z10×10A70、5Z10×10A65、5Z10×10A60及び5Z10×10A45の4個の探触子を用いてRB-41AのNo.1の1/2tの深さにある標準穴を1回反射法で狙ったときのエコー高さが40％になるよう感度を調整した。STB-A2のφ4mm、深さ4mmの標準穴を1回反射法で狙ったとき、最も高いエコー高さが得られるのはどの探触子か。,5Z10×10A70,5Z10×10A65,5Z10×10A60,5Z10×10A45,d,45°探触子はコーナーでモード変換しないので100％の反射となり、最もエコー高さが高くなる。
29,次の文は、遅れエコーについて述べたものである。正しいものを一つ選び、記号で答えよ。,円柱材の試験体を側面から垂直探傷したとき、モード変換が原因で遅れエコーが現われる。,遅れエコーは、指向角が鋭いほど発生しやすい。,幅の広い試験体を垂直探傷した場合、底面エコーの後に一定間隔で遅れエコーが現われる。,幅が狭く長い試験体を長手方向に垂直探傷し、きずエコーを検出した場合、きずからの遅れエコーが発生する場合がある。,d,超音波ビームが側面にあたってモード変換を起こすと、速度の遅い横波で伝搬するため、必ず底面エコーよりも遅れて受信される。
30,図1の鋼製の試験体を、探触子2Z20Nを用いて垂直探傷した。図2は、図1の探触子位置で現れた探傷図形を示したものである。正しいものを一つ選び、記号で答えよ。測定範囲は250mm、探傷部分にきずはない。,(a),(b),(c),(d),c,遅れエコーの問題である。試験体幅30mmを横波が横切る場合、底面エコーより一定間隔で遅れた位置にエコーが現れる。
31,次の文は、円柱面エコーの発生原因について述べたものである。正しいものを一つ選び、記号で答えよ。,探触子の接触面積が大きくなり、指向角が小さくなった。,探触子の接触面積が大きくなり、指向角が大きくなった。,探触子の接触面積が小さくなり、指向角が大きくなった。,探触子の接触面積が小さくなり、指向角が小さくなった。,c,丸棒の側面に探触子を接触させると接触面積が小さくなるため、指向角が大きくなり円柱面エコーが発生しやすくなる。
32,次の超音波探触子のうち、一般的によく使用されているものを一つ選び、記号で答えよ。,水晶,ファインセラミックス,ジルコンチタン酸鉛,ニオブ酸リチウム,c,ジルコンチタン酸鉛系の振動子は、感度が高く、多くの探触子に採用されている。
33,次の文は、超音波パルスの発生について述べたものである。正しいものを一つ選び、記号で答えよ。,パルスの発生は、連続波が使用される。,パルスの発生は、三角波が使用される。,パルスの発生は、低周波が使用される。,パルスの発生は、矩形波が使用される。,d,超音波パルスの発生には、矩形波（くけいは）が使用されている。
34,次の文は、正方形の探触子を有する斜角探触子の指向角について述べたものである。正しいものを一つ選び、記号で答えよ。,5Z10×10A70の場合、鋼の試験体中では上下方向と左右方向の指向角が等しい。,5Z10×10A70の場合、鋼の試験体中では上下方向に比べて、左右方向の指向角が小さい。,5Z10×10A70の場合、鋼の試験体中では左右方向に比べて、上下方向の指向角が小さい。,5Z10×10A45の場合、鋼の試験体中では上下方向と左右方向の指向角が等しい。,b,斜角探触子の場合、見掛けの振動子の大きさは左右方向では変わらないが、上下方向が小さくなるため、左右方向の指向角の方が小さくなる。
35,次の文は、近距離音場について述べたものである。正しいものを一つ選び、記号で答えよ。,垂直探傷において、きずが近距離音場限界距離X₀より近い距離にあるときは、X₀より遠距離にある同じ条件のきずのエコー高さより必ず高い。,近距離音場にあるきずは、音場が乱れているので検出できないことが多い。,垂直探傷において、きずがX₀より近い距離にある場合、X₀より遠い距離にある同じ条件のきずエコー高さより低いことがある。,近距離音場、遠距離音場にかかわらず、超音波は距離の2乗に反比例して弱くなるため、距離が遠くなるに従って同じ大きさのきずでもきずエコー高さは小さくなる。,c,X₀より近い範囲では超音波の音場は複雑に変化するため、エコー高さが低いこともある。
36,鍛鋼品を2Z20Nで垂直探傷し、ビーム路程205mmのところにきずを検出した。このビーム路程を規準化距離に換算すると、nはいくらになるか。鋼中縦波音速5900m/s,2.4,4.8,6.0,6.5,c,近距離音場限界距離X₀＝D²/4λ＝400/(4×2.95)＝33.9mm、n＝χF/χ₀＝205/33.9＝6.0となる。
37,次の文は、超音波探傷試験における周波数の選定について述べたものである。正しいものを一つ選び、記号で答えよ。,薄板の探傷には、高い周波数が適している。,遠距離分解能は、低い周波数が優れている。,減衰の小さい試験体の底面に近いきずを検出するには、低い周波数が適している。,林状エコーが探傷の支障になるときは高い周波数を使用する。,a,薄板の探傷には高い周波数が適している。林状エコーが支障になる場合は低い周波数が適している。
38,次の文は、超音波の減衰や損失について述べたものである。正しいものを選べ。,試験体中を超音波が伝搬するとき、超音波ビームは広がりながら伝搬するため次第に弱くなる。これを散乱減衰という。,金属中を超音波が伝搬するとき、その結晶粒界で反射や屈折が起こり超音波は次第に弱まる。これを散乱減衰という。,試験体に超音波が入射するとき、探触子と探傷面との境界面で超音波の損失がある。これを反射損失という。,金属中を超音波が伝搬するとき、その結晶粒界で反射や屈折が起こり超音波は次第に弱まる。これを拡散減衰という。,b,金属中の結晶粒界で超音波が散乱されることによる減衰を、散乱減衰という。
39,次の文は、超音波の減衰や損失について述べたものである。正しいものを一つ選び、記号で答えよ。,超音波が試験体中を伝搬するとき、超音波ビームが広がることによる拡散損失の他に、結晶粒での散乱による散乱減衰や内部摩擦などによる粘性減衰がある。金属中では散乱減衰が主体であるが、プラスチックでは粘性減衰が主体となる。,金属中を超音波が伝搬するとき、その結晶粒界で屈折が起こり、超音波は次第に弱まる。これを拡散損失という。,試験体に超音波が入射するとき、探触子と探傷面との境界面で超音波の損失がある。これを反射損失という。,金属材料の結晶粒が大きいと超音波は透過しやすく、減衰は小さい。,a,金属では結晶粒があるので散乱減衰が主体であり、プラスチックでは結晶粒がないので粘性減衰が主体となる。
40,厚さ50mmの鋼板を、5C20Nの探触子で垂直探傷を行い、健全部でB₁＝75%、B₂＝15%の底面エコーを得た。拡散損失を0.4dB、探傷面での反射損失を1.5dB、底面での反射損失を0.2dBとすると、この鋼板の超音波の減衰係数は何dB/mmか。,0.12,0.14,0.24,0.28,a,減衰係数α＝{(B1/B2)－(拡散損失＋反射損失)}/(2×t)より計算すると約0.12dB/mmとなる。
41,両面を表面粗さ6μmRzの滑らかに仕上げた厚さ50mmの鋼板を、アクリル樹脂遅延材付探触子(5Z20N)を用いてB₁/B₂の測定を行ったところ、5.0dBの値を得た。この結果から鋼板の減衰係数を計算すると何dB/mmとなるか。鋼板とアクリル樹脂の接触部における反射損失を2.0dB/回とし、超音波ビームの広がりの影響は無視する。,0.03,0.05,0.06,0.10,a,減衰係数α＝{5.0－2.0}/(2×50)＝0.03dB/mmとなる。
42,厚さが500mmで25μmRzに仕上げ加工した鍛鋼品を探触子2Z28Nで探傷したところ、健全部においてB₁/B₂の値が12.5dBであった。この鍛鋼品の減衰係数を計算した結果、何dB/mmとなったか。探傷面での反射損失は3dB/回、底面での反射損失は1dB/回とする。,0.003,0.005,0.009,0.013,a,拡散損失6dBを考慮し、減衰係数α＝{12.5－(6.0+3.0+1.0)}/(2×500)＝0.0025dB/mm≒0.003dB/mmとなる。
43,次の文は、圧延鋼材の超音波横波における音響異方性の測定について述べたものである。正しいものを一つ選び、記号で答えよ。,試験体の圧延方向と圧延方向に直角な方向の音響異方性を測定するために、縦波垂直探触子とグリセリンペーストを用いる。,試験体の圧延方向と圧延方向に直角な方向の音響異方性を測定するために、横波垂直探触子と横波専用の接触媒質を用いる。,試験体の音響異方性の測定は、二振動子垂直探触子を用いて、音響隔離板が圧延方向及びそれに直角な方向で、厚さを測定し、マイクロメータで測定した値との比較で行う。,試験体の音響異方性の測定は、公称屈折角45度の斜角探触子2個を用いて、圧延方向及びそれに直角な方向で、V透過法を用いて行う。,b,試験体の圧延方向と圧延方向に直角な方向の音響異方性を測定するために、横波垂直探触子と横波専用の接触媒質を用いる。
44,次の文は、探傷面の粗さと超音波の伝達について述べたものである。正しいものを一つ選び、記号で答えよ。,探傷面が粗い場合、試験周波数を高くすると伝達効率が良くなる。,一般に、表面の粗い試験体では伝達効率が低下する。この傾向は、保護膜を付けた探触子の方が保護膜を付けない探触子より著しくなる。,探傷面が粗い場合、ギャップ水浸法を適用すると直接接触法よりもエコー高さが安定する。,探傷面の粗い試験体を探傷する場合、伝達効率をよくするためには、マシン油のような音響インピーダンスの大きな接触媒質を使用する。,c,探傷面が粗い場合、局部水浸法や全没水浸法を適用すれば表面の影響は小さくなり、安定したエコーが得られる。
45,次の文は、超音波探傷に利用される波の種類について述べたものである。正しいものを一つ選び、記号で答えよ。,端部エコー法には、縦波がよく用いられる。,溶接部の内部きずの探傷には、横波がよく用いられる。,薄鋼板の介在物の探傷には、表面波がよく用いられる。,鍛鋼品の垂直探傷試験には、クリーピング波がよく用いられる。,b,溶接部の内部きずの探傷には、横波斜角探傷がよく用いられる。
46,次の文は、広帯域超音波探触子について述べたものである。正しいものを一つ選び、記号で答えよ。,広帯域探触子から送信される超音波の周波数は、狭帯域探触子が送信する超音波の周波数より周波数帯域が広い。,広帯域探触子から送信される超音波の波数は、狭帯域探触子が送信する超音波の波数より多い。,送信する超音波の波数が少ない方が、周波数帯域が狭くなる。,超音波探触子の周波数特性を表すQ値は、周波数帯域幅を中心周波数で除したものである。,a,広帯域探触子は、1～2波振動の超音波パルスを送受信し、広い周波数帯域をもつ。
47,次の文は、溶接部の超音波探傷について述べたものである。正しいものを一つ選び、記号で答えよ。,開先面に沿った融合不良は、屈折角に関係なく高いエコー高さが得られる。,開先面の融合不良は、直射法で検出が困難であっても、一回反射法で検出できる場合がある。,エコー高さが高くて、受信されたエコーの波形がギザギザなのは、ブローホールである。,溶接部の割れのエコー高さは高いので、溶接ビードに直角に探傷すれば横割れでも十分に検出することができる。,b,開先面の融合不良は、直射法で検出が困難であっても、一回反射においては直角に近い角度で入射する場合もあり、検出できることがある。
48,垂直探傷できずが近距離音場内にある場合、このきずの位置が遠距離音場になるように探触子を変更したい。次のうちから正しいものを一つ選び、記号で答えよ。,周波数の高い探触子を用いて遠距離音場とする。,振動子直径の小さい探触子を用いて遠距離音場とする。,周波数の低いかつ、振動子直径の大きい探触子を用いて遠距離音場とする。,振動子直径の大きな探触子を用いて遠距離音場とする。,b,近距離音場限界距離X₀＝D²/4λであるため、振動子直径を小さくし、波長を大きく（周波数を下げる）すれば近距離音場限界距離は短くなる。
49,次の文は、垂直探傷における感度調整について述べたものである。正しいものを一つ選び、記号で答えよ。,底面エコー方式による感度調整は、減衰が少ない試験体にだけ適用できる。,底面エコー方式による感度調整は、試験体の探傷面と底面が平行でないと適用できない。,底面エコー方式による感度調整は、減衰の著しい試験体のとき、きずを過小評価する恐れがある。,底面エコー方式による感度調整は、試験体の探傷面の粗さや減衰の影響を受けやすい。,b,底面エコー方式による感度調整は、試験体の探傷面と底面が平行でなくては適用できないが、探傷面の粗さの影響を受けにくい。減衰の著しい試験体ではきずを過大評価するおそれがある。
50,次の文は斜角探傷における屈折角について述べたものである。正しいものを一つ選び、記号で答えよ。,探傷屈折角とは、試験体又は試験体から切り出した対比試験片を用いて、探傷方向において測定した屈折角のことをいう。,探傷屈折角とは、STB-A1又はSTB-A3を用いて測定した屈折角のことをいう。,STB屈折角とは、試験体又は試験体から切り出した対比試験片を用いて、探傷方向と同じ方向で測定した屈折角のことをいう。,STB屈折角とは、探触子の製造時に設計された公称屈折角のことをいう。,a,探傷屈折角は、試験体や対比試験片を使用して探傷方向と同じ方向で測定した屈折角である。
51,次の文は、透過法による超音波探傷試験について述べたものである。正しいものを一つ選び、記号で答えよ。,端部エコー法は、透過法の一種である。,透過法には、二振動子垂直探触子が使用される。,透過法は、送受二個の探触子を用いて探傷を行う。,透過法には、斜角探触子を用いることはできない。,c,透過法は、きずや試験体の組織による超音波の減衰から内部の状況を判断するもので、試験体の異なる表面で超音波を送受信することが多い。
52,次の文は、各種超音波探傷法について述べたものである。正しいものを一つ選び、記号で答えよ。,表面波法では、試験周波数を高くすると、超音波ビームは低い周波数のときより探傷面から深い位置を伝搬する。,TOFD法は回折波を利用している。したがって、回折波が発生しやすいように振動子寸法を大きくする必要がある。,端部エコー法では通常の探触子でも十分感度を上げて探傷すれば、集束探触子と同じ程度の測定精度が得られる。,一般の斜角探傷法ではきずの傾きや形状の影響を強く受けるが、TOFD法による探傷ではそれらの影響を受けにくい。,d,TOFD法を適用する場合、探触子は振動子直径の小さい、広い指向角の高分解能縦波探触子が使用され、きずの形状や傾きにそれほど影響を受けない。
53,次の文は、厚鋼板溶接部のタンデム探傷法について述べたものである。正しいものを一つ選び、記号で答えよ。,Ｘ開先溶接部に発生する開先面の融合不良の検出には、タンデム探傷法が適している。,Ｘ開先溶接部に発生する溶込み不良の検出には、タンデム探傷法が適している。,Ｘ開先溶接部に発生する裏はつり部の融合不良の検出には、タンデム探傷法が適している。,Ｖ開先溶接部に発生する溶込み不良の検出には、タンデム探傷法が適している。,b,タンデム探傷法はX開先溶接部の内部溶込み不良や、I開先溶接部の融合不良などの探傷面に垂直な面状きずを効果的に検出する方法である。
54,次の文は、TOFD法について述べたものである。正しいものを一つ選び、記号で答えよ。,TOFD法では、縦波斜角探触子を用いて探傷を行う。,TOFD法による探傷結果は、一般にCスコープ画像にて表示される。,TOFD法による探傷結果は、一般にMAスコープ画像にて表示される。,TOFD法で二探触子間の表面を伝搬する波は、表面波である。,a,TOFD法とは、きずの検出及びきずの高さ寸法を同時に行う方法で、縦波斜角探触子を用いて探傷を行う。探触子間の表面を伝搬する波はラテラル波（縦波）である。
55,次の文は、垂直探傷試験における探触子の選定方法について述べたものである。正しいものを一つ選び、記号で答えよ。,広帯域探触子を使用すると、結晶粒の大きな材料の探傷では林状エコーが多く現れる。,広帯域探触子は、そのエコーに広い帯域の周波数成分を含んでいるから、DGS線図の利用に適する。,厚い試験体を探傷するには、振動子の直径の小さい探触子が適している。,探傷面が粗いときには、アクリル樹脂などの遅延材付きの探触子が適している。,d,遅延材付探触子は粗い面での探傷の安定化を図る。遅延材と接触媒質の音響インピーダンスはほぼ等しく、表面粗さの影響を受けにくくなる。
56,次の文は、超音波探傷試験における試験周波数の選定方法について述べたものである。正しいものを一つ選び、記号で答えよ。,探傷面に近いきずを検出するときは、高い周波数が適している。,きずの位置決定の精度を上げるためには、低い周波数が適している。,伝搬距離が長い場合は、高い周波数が適している。,小さいきずを検出するためには、一般に低い周波数が適している。,a,探傷面に近いきずや小さいきずの検出及びきず位置決定の精度を上げるためには高い周波数が適している。伝搬距離が長い場合は、低い周波数が適している。
57,次の文は、超音波探傷試験における試験周波数の選定方法について述べたものである。正しいものを一つ選び、記号で答えよ。,薄板の探傷には、高い周波数が適している。,探傷面からの距離が接近した二つのきずを分離して観察するには、低い周波数が適している。,減衰の少ない試験体の底面に近いきずを検出するには、低い周波数が適している。,林状エコーが探傷の支障になるときは高い周波数を使用する。,a,薄板の探傷には高い周波数が適している。分解能を上げるには高い周波数が適し、林状エコーが探傷の支障になる場合は低い周波数が適している。
58,次の文は、NDT指示書の記述について述べたものである。正しいものを一つ選び、記号で答えよ。,NDT指示書は、レベル1技術者が探傷条件を自由に選べるように幅広く指定するように記述する。,NDT指示書は、レベル1技術者が探傷条件を誤ることがないように、具体的な探傷条件を記述する。,NDT指示書は、レベル1技術者が探傷結果について、記録する項目を増やせるように空欄を多くとり、何でも書けるように記述する。,NDT指示書は、レベル1技術者が探傷条件を選択できるように、数多くの探傷条件を載せたものを作成する。,b,NDT指示書は、製品の検査作業を行う探傷試験技術者が、間違いなく正確に検査作業ができるように、検査工程の手順ごと、段階ごとに手順を追って記載したものである。
59,次の文は、鋼板の垂直探傷における探傷感度の調整方法について述べたものである。試験体の表面が粗く感度補正が必要であると考えられる厚さ25mmの鋼板をJIS G 0801によって直接接触法で探傷する必要が生じたため、次の要領で探傷感度を調整した。1)探触子5Z20Nを使用し、STB-N1の標準穴のエコー高さが表示器上で50％の高さになるように探傷器の感度を調整したとき、ゲインの値は19dBであった。2)STB-N1の標準穴のない部分及び試験体の健全部の底面エコー高さが表示器上で50％の高さになるように探傷器の感度を調整したとき、ゲインの値はそれぞれ10dB及び25dBであった。この時、感度補正量は何dBとなるか。,14dB,15dB,16dB,17dB,b,感度補正量は試験体底面25dB - STB-N1底面10dB = 15dBとなる。
60,次の文は、鍛鋼品の垂直探傷について述べたものである。正しいものを一つ選び、記号で答えよ。,林状エコーが多く、底面エコーが現れない場合、探傷感度をもっと高くする。,林状エコーが多く、底面エコーが現れない場合、探傷感度をもっと低くする。,林状エコーが多く、底面エコーが現れない場合、試験周波数をもっと高くする。,林状エコーが多く、底面エコーが現れない場合、試験周波数をもっと低くする。,d,林状エコーは超音波の波長が金属の結晶粒の大きさと同程度ないしそれ以下のとき現れる。このような場合、低い周波数を適用する。
61,次の文は、溶接部の斜角探傷における妨害エコーについて述べたものである。正しいものを一つ選び、記号で答えよ。,溶接部の探傷では、探傷データから反射源の位置を算出し、溶接部の開先形状と寸法を考慮して、きずエコーか妨害エコーかの判断をする。,斜角探傷で溶接部のビード上端部付近からのエコーが検出された。これは余盛による妨害エコーと判断するのがよい。,溶接部の妨害エコーは、溶接部の形状（余盛や裏当て金など）によってモード変換を起こしたエコーである。,裏はつりＴ継手溶接部では、柱材との隙間のタレ込みからの妨害エコーが発生しやすい。,a,溶接部の探傷では、探傷データから反射源の位置を算出し、溶接部の開先形状と寸法を考慮して、きずエコーか妨害エコーかの判断をする。
62,次の文は、溶接部の斜角探傷について述べたものである。正しいものを一つ選び、記号で答えよ。,面状の割れに対する超音波の入射角度が変わると、エコー高さは著しく変化する。,X開先の溶込み不良とV開先の溶込み不良は、きずの大きさが同じならば、エコー高さはほとんど同じになる。,同一探傷面から探傷すると、全ての溶接部のきずは1回反射法より直射法の方がエコー高さは高くなる。,アンダーカットは、常に高いエコー高さを示す。,a,きずが傾いている場合、その反射指向性によってエコー高さは影響を受ける。きずが大きく傾いている場合、探触子に戻ってくるエコーはとても小さくなる。
63,次の文は、鋼溶接部の超音波探傷における試験周波数について述べたものである。正しいものを一つ選び、記号で答えよ。,JIS Z 3060で、試験周波数を2MHz～5MHzと規定しているのは、試験体板厚に応じたビーム路程ときず検出能を考慮しているためである。,JIS Z 3060では、試験周波数を1MHz～10MHzまでの周波数を推奨している。,溶接部の超音波探傷において、試験周波数が高いほどきずの検出能は低下し、低い周波数ほどきず検出能やきず位置の測定精度は高まる。,周波数が高いほど、波長は短くなるため、きず位置の測定精度はよくなる。したがって、厚鋼板ほど高い試験周波数を選択するのがよい。,a,JIS Z 3060では、探触子の公称周波数は2MHz以上5MHz以下と規定されており、試験体板厚に応じたビーム路程ときず検出能を考慮している。
64,次の文は、JIS Z 3060によって鋼溶接部の探傷を行った結果である。板厚19mm鋼平板突合せ溶接部をA面から超音波探傷を行って探傷箇所①、②、③においてデータを得た。検査箇所①、②についての説明で適切なものを一つ選び、記号で答えよ。,検査箇所①は余盛内部のきずである。,検査箇所①はアンダーカットと推定されるので外観検査により再確認する必要がある。,検査箇所①は表面開口きずであるので溶接部のきずではない。,検査箇所①、②は溶接始端部からほぼ同じ位置にあるので同一きず群と判断した。,b,検査箇所①の反射源位置を計算すると、A面表層余盛止端部付近となり、アンダーカットと推定される。
65,次の文は、鋳鋼品を超音波探傷する場合に、注意する事柄について述べたものである。正しいものを一つ選び、記号で答えよ。,鋳鋼品には、引け巣のような強度に影響するきずが発生するので、きずの発生を予測して、垂直探傷や斜角探傷も行う必要がある。,鋳鋼品は、熱処理が行われるため、減衰は小さいので、一般鋼材と同じ周波数で探傷が可能である。,鋳鋼品は、結晶粒が小さく、減衰も小さいので、一般鋼材と同じ周波数で探傷が可能である。,鋳鋼品は、表面が機械加工されるので、表面粗さを考慮しなくてよい。,a,鋳鋼品は収縮率が大きく鋳込み温度が高く、鋳造欠陥が出やすい。そのため、きずの発生を予測して、垂直探傷や斜角探傷を行う必要がある。
66,次の文は、鋼板の垂直探傷における積算効果について述べたものである。正しいものを一つ選び、記号で答えよ。,積算効果は、板厚が30mm以下の鋼板の探傷で、ラミネーションがある場合によく検出される。,積算効果が現れた場合、きずの評価は特に指定がないかぎり、Ｆ１で行なう。,積算効果が現れた場合、きずの評価は特に指定がないかぎり、Ｆエコー高さの最大のところ（例えばＦ４、Ｆ５）で行なう。,積算効果は残留エコーの一種である。,b,積算効果とは、きずが小さい場合に、きずエコーが一回目より、二回目、三回目と高くなる現象。きずの評価は、特に指定がないかぎり、Ｆ１で行なう。
67,"次の文は、アルミニウム溶接部の斜角探傷について述べたものである。アルミニウム合金中の縦波音速を6,380m/s、横波音速を3,150m/sとする。測定範囲の調整及び屈折角の測定はSTB-A1（縦波音速5,900m/s、横波音速3,230m/s）を用いて行い、特に補正を加えていない。5Z10×10A70（STB屈折角69.5度）を用いて探傷する場合、この探触子のアルミニウム合金中の屈折角は何度となるか。",30.0度,66.0度,69.5度,73.8度,b,θAL＝sin⁻¹{(CAL/CFe)×sin69.5°}＝sin⁻¹{(3150/3230)×sin69.5°}＝66.0°
68,次の文は、超音波探触子の振動子に用いられる圧電素子の特徴及び用途について述べたものである。正しいものを一つ選び、記号で答えよ。,水晶は、温度変化が少なく変換効率も高いので斜角探触子に使用される。,ジルコンチタン酸鉛は、変換効率が高いので高感度の探触子として使用される。,硫酸リチウムは、機械的なダンピングが掛けにくいので低い周波数の探触子として使用される。,ニオブ酸リチウムは、低い周波数の探触子や広帯域探触子に使用される。,b,ジルコンチタン酸鉛は変換効率が最もよく、コンポジット型にすることで高感度で良好な分解能の探触子が製作できる。
69,次の文は、超音波探触子について述べたものである。正しいものを一つ選び、記号で答えよ。,斜角探触子は、くさびの温度が変化しても屈折角が変わらないように作られている。,一般の斜角探触子の振動子は、横波を発生する。,可変角探触子で入射角を変えると、試験体中に縦波を斜めに伝搬させることができる。,探触子の吸音材は、分解能をよくするために付けている。,c,可変角探触子は、入射角を可変できる構造で、設定する入射角により、通常の横波斜角、表面波、縦波斜角、クリーピング探触子として使用できる。
70,次の文は、広帯域探触子について述べたものである。正しいものを一つ選び、記号で答えよ。,広帯域探触子は、組織の粗い材料の探傷には使用できない。,広帯域探触子は、ＤＧＳ線図を用いた探傷に最も適している。,広帯域探触子は、周波数帯域の広い装置を使用した方がよい。,広帯域探触子は、専用の接触媒質を使用しなければならない。,c,広帯域探触子は組織の粗い試験体に用いてＳＮ比の向上が期待できる。種々の周波数成分を含んでいるからDGS線図の利用には適さない。グリセリンなど通常の接触媒質が使用できる。
71,次の文は、遅延材付き超音波探触子について述べたものである。正しいものを一つ選び、記号で答えよ。,遅延材付きの垂直探触子では、遅延材内での多重反射エコーが現われるので、遅延材の長さにより探傷できる範囲が制限される。,遅延材付きの探触子は、主として水浸探傷において有効な性能を発揮する。,遅延材付きの材質がアクリル樹脂（CL:2730m/s）の探触子を用いて鋼の試験体を探傷する場合、遅延材の長さは最低でも鋼の板厚の約1/3程度の長さを必要とする。,遅延材の材質として、アクリル樹脂よりもピエゾ効果のあるセラミックスを用いた方が超音波の伝搬特性が向上する。,a,遅延材付き垂直探触子は、遅延材内での多重反射が現われるので、遅延材の長さにより探傷できる範囲が限られる。
72,次の文は、二振動子垂直探触子の特性について述べたものである。正しいものを一つ選び、記号で答えよ。,二振動子垂直探触子を用いて、きずをＦ/ＢＦで評価することができる。,厚鋼板の探傷に用いられる二振動子垂直探触子は、鋼板の厚さが6mmから40mmの間で変化しても、第1回目の底面エコー高さはほとんど変化しない。,二振動子垂直探触子は、その特性から試験体の表面近くのきずの検出が可能である。,二振動子垂直探触子は、ＳＮ比が高いため、交束範囲に関係なく、板厚が薄くても厚くても探傷が可能である。,c,二振動子探触子は、送受信振動子には若干の角度がつけられており、表面直下のきず検出や、厚さ測定用として使用される。
73,次の文は、斜角探触子について述べたものである。正しいものを一つ選び、記号で答えよ。,斜角探触子の接触面が磨耗した場合は、薄いアクリル樹脂板を貼り付けて、再使用することができる。,斜角探触子の接触面がどのように磨耗しても、屈折角は変化しない。,斜角探触子の振動子は、縦波の他に横波も同程度の強さで発生する。,斜角探触子は、くさびの温度が上がると屈折角が小さくなる。,a,斜角探触子の接触面が磨耗した場合は、薄いアクリル樹脂板を貼り付けて、再使用することができる。不均一な摩耗をすると屈折角は変化する。
74,次の文は、くさび材料のポリスチレンを用いた斜角探触子について述べたものである。正しいものを一つ選び、記号で答えよ。,摩耗によって磨き減ったクサビはアクリル樹脂板を貼り替えて再生することは、規格で認められている。,摩耗によって磨き減ったクサビを貼り替える場合、アクリル樹脂板が最適である。,摩耗によって磨き減ったクサビを貼り替える場合、超音波の伝達特性を考慮すると、元のクサビの材質と同じ樹脂板が最適である。,摩耗によって磨き減ったクサビを再生する場合、元の材質にかかわらず超音波が伝達するものであればどのような樹脂でも使用できる。,c,摩耗したくさびの貼り替えは認められているが、同じ材質に限られている。ポリスチレンのくさびには同じポリスチレンを使用する。
75,次の文は、二振動子垂直探触子について述べたものである。正しいものを一つ選び、記号で答えよ。,送信用振動子と、受信用振動子との音響結合を遮断するために設置されているものを振動分割材という。,送信用振動子と、受信用振動子との音響結合を遮断するために設置されているものを振動隔離材という。,送信用振動子と、受信用振動子との音響結合を遮断するために設置されているものを音響隔離面という。,送信用振動子と、受信用振動子との音響結合を遮断するために設置されているものを音響分割面という。,c,二振動子探触子は、送信と受信を完全に隔離する音響隔離面があり、1つのハウジングに収めた形式の探触子である。
76,次の文は、フェーズドアレイ探触子について述べたものである。正しいものを一つ選び、記号で答えよ。,フェーズドアレイ探触子は、一枚の大きな振動子で製作されている。,フェーズドアレイ探触子は、複数の振動子を三次元的な配列にして制作されている。,フェーズドアレイ探触子は、個々の振動子に電圧を印加する順番を電子的に調整することで、斜めに超音波を伝搬させることができる。,フェーズドアレイ探触子は、個々の振動子に電圧を印加する順序は常に一定の順序である。,c,アレイ探触子は、多くの小さい振動子からなり、各々の振動子に励起信号を印加するタイミングを電気的に制御して、超音波を集束させたり、斜めに伝搬させたりする。
77,次の文は、探触子ケーブルについて述べたものである。正しいものを一つ選び、記号で答えよ。,超音波探傷に用いる探触子ケーブルには、同軸ケーブルが用いられている。内部導体と外部導体及び絶縁体と被覆で構成されているため、曲げ変形には強い構造となっている。,探触子ケーブルは作業性を重視し、柔らかく耐久性のあるものを選択するのがよい。,現場の探傷作業において、接栓形状の異なる探触子を使用する場合、複数の変換コネクタを用意しておくと、一本の探触子ケーブルで間に合わせることができる。,探触子ケーブルは、安全性を重視し、太くて曲がりにくいものを選択する。,b,探触子ケーブルには同軸ケーブルが使用されている。一般的な電灯線ほど丈夫でないため、柔らかく耐久性のあるものを選択するのがよい。
78,次の文は、デジタル探傷器について述べたものである。正しいものを一つ選び、記号で答えよ。,デジタル探傷器は、探触子ごとのエコー高さ区分線を一度作成しておけば、長時間にわたってエコー高さ区分線を使用することができる。,デジタル探傷器に接続した探触子は、探傷前に入射点、屈折角を調整しておけば使用中の探触子の変化は自動的に補正される。,デジタル探傷器では、探触子の走査速度を早くすると探傷データを数値として記憶するため、そのサンプリングを細かくしないとエコーの最大値が真の値と異なる場合がある。,デジタル探傷器はメモリ機能が優れているので、アナログ探傷器に比べて電池の消耗が著しい。,c,デジタル探傷器は、サンプリングの頻度（周波数）が多いと再現表示される波形は受信した波形に近くなり、サンプリング頻度が少ないと本来の最大値を表示できない場合がある。
79,次の文は、デジタル探傷器について述べたものである。正しいものを一つ選び、記号で答えよ。,一度保存したエコー高さ区分線を、異なる屈折角の探触子でも再び呼び出して使用することができる。,斜角探触子の屈折角及び板厚を入力しておくと、斜角演算機能により、きずの深さ位置及び探触子きず距離を表示できる。,デジタル探傷器は、探傷結果の電気的な読取りが速い。そのため、走査速度はアナログ探傷器よりもかなり速くできる。,デジタル探傷器は、送信信号もデジタル化されている。,b,デジタル探傷器は探傷器の設定の記憶、ビーム路程の数値表示、斜角探傷における反射源の深さや反射源－探触子距離の表示ができる。
80,次の文は、デジタル探傷器を用いた作業について述べたものである。正しいものを一つ選び、記号で答えよ。,デジタル探傷器では、ゲート内に現れたエコーの位置を表示する機能が備わっている。このため、ゲートの起点はビーム路程零点付近から測定範囲の最大値まで設定しておくと作業能率が向上する。,デジタル探傷器では、音速値を設定すれば、測定範囲の調整ができる。,デジタル探傷器では、各種の探傷に適切なゲート位置、ゲート幅を調整する必要がある。,デジタル探傷器では、一度標準試験片で測定した入射点、屈折角及び作成したエコー高さ区分線を記憶しておけば、探傷現場に標準試験片を持参して調整しなくても探傷可能である。,c,デジタル探傷器では、設定したゲート内に着目するエコーのみにゲートがかかるようにゲートの幅、位置などを調整する必要がある。
81,次の文は、Ａ，Ｂ及びＣスコープ表示について述べたものである。正しいものを一つ選び、記号で答えよ。,Ａスコープとは、横軸に時間の経過をとり、縦軸に信号の大きさを表示する基本表示のことである。,Ｂスコープとは、横軸に時間の経過をとり、縦軸に信号の大きさを表示する基本表示のことである。,Ｃスコープとは、試験体の断面におけるきずの分布状態を表す断面表示のことである。,Ｃスコープとは、きずの分布状態を立体表示することである。,a,Ａスコープは基本表示、Ｂスコープは断面表示、Ｃスコープは平面表示である。
82,次の文は、超音波探傷器のパルス繰返し周波数について述べたものである。正しいものを一つ選び、記号で答えよ。,パルス繰返し周波数を高くすると、林状エコーが生じやすくなる。,パルス繰返し周波数を高くすると、遅れエコーが生じやすい。,パルス繰返し周波数を高くすると、残留エコーが生じやすい。,パルス繰返し周波数を高くすると、自動探傷速度を速くできない。,c,残留エコーとはパルス反射法において試験体中のエコーが次のパルスが送信された後も残っているため、受信されて探傷図形に現れるエコーをいう。減衰の少ない材料を探傷する場合、パルス繰返し周波数が高いと、一つ前のパルスが残ってしまい、残留エコーとして現れる。
83,次の文は、接触媒質について述べたものである。正しいものを一つ選び、記号で答えよ。,探傷面が粗いときは粘性の低いスピンドル油を用いた方が、超音波の伝達がよくなる。,曲率を有する部材や試験材が鉛直に近い配置で探傷する場合、接触媒質はグリセリンペーストよりも水の方が適している。,標準試験片のような平滑な材料では、接触媒質にマシン油、グリセリン、水を適用した場合、接触媒質の種類によるエコー高さはあまり変わらない。,接触媒質では水は安価でいつでも入手可能であるため、建築鉄骨の現場溶接部の探傷でも用いられることが多い。,c,表面が平滑な場合、エコー高さの変化がないため正しい。ただし、標準試験片は基準となる試験片のため、原則マシン油を用いる。
84,次の文は、超音波斜角探傷におけるRB-41Aの人工きずを加工及び使用するときの注意点を挙げたものである。正しいものを一つ選び、記号で答えよ。,人工きずの角部分は、面取りを行い平滑にする。,横穴の探傷面との平行度及び円柱面の仕上げ状態は、探傷感度の調整に影響しない。,人工きずの長さは、振動子の幅より十分に大きくすること。,振動子幅と同程度の幅が狭い対比試験片であっても、使用するビーム路程や探触子周波数に関係なく使用できる。,c,対比試験片の幅は振動子幅よりも十分大きいものでなければならない。振動子幅と同程度の狭い試験片は使用できない。
85,次の文は、ＮＤＴ手順書について述べたものである。正しいものを一つ選び、記号で答えよ。,ＮＤＴ手順書は、レベル３技術者により作成されたものでなければならない。,ＮＤＴ手順書の内容で、現場での対応が難しい場合、レベル２技術者は自分の判断で変更することができる。,詳細なＮＤＴ指示書があれば、ＮＤＴ手順書はなくてもよい。,探傷現場で、探傷方法について購入者が変更を要求してきた場合、検査技術者がレベル２技術者であれば、その要求どおりに変更することができる。,a,NDT手順書はレベル3技術者によって作成し、発行されなければならない。この文書は使用前に発注者（顧客）に提出し、承認を得る必要がある。
86,次の文は、NDT手順書について述べたものである。正しいものを一つ選び、記号で答えよ。,NDT手順書は、レベル2技術者により準備され、承認されていなければならない。,NDT手順書は、使用前に顧客に提出し、承認を得てから使用するのが一般的である。,NDT手順書に記載されている内容に変更の必要が生じた場合、現場でレベル2技術者が修正することができる。,NDT手順書は、探傷現場で顧客が探傷方法について変更を求めた場合、レベル2技術者が修正、標準化を図ることができる。,b,NDT手順書は、使用前に顧客に提出し、承認を得てから使用するのが一般的である。
87,次の文は、ＮＤＴ指示書について述べたものである。正しいものを一つ選び、記号で答えよ。,NDT指示書は、レベル3の資格者が作成しなければならない。,NDT指示書は、作業別に必ず準備しなくてはいけない文書である。,NDT指示書は、作成にあたって購入者の承認を得なければならない。,NDT指示書は、購入者から提示を求められた場合、参考として開示しなければならない。,d,NDT指示書はレベル2以上の技術者によって作成されるが、必ず準備しなければならない文書ではなく、必要に応じて準備する文書である。提示を求められれば参考として開示する文書である。
88,次の文は、板材を超音波探傷する際のきずエコーの発生予測について述べたものである。正しいものを一つ選び、記号で答えよ。,板材は圧延されるので、圧延方向に伸びたきずが板厚の表面に発生することが多い。,板材は、熱間状態から冷却されるときに収縮によるパイプ状きずが板厚の中央付近に発生することが多い。,板材は、熱間状態から冷却されるときに収縮によるブローホール状きずが板厚の中央付近に発生することが多い。,板材は圧延されるので、圧延方向に伸びた平面状のきずが板厚の中央付近に発生することが多い。,d,鋼板のきずは圧延によって長手方向（圧延方向）に延ばされ、鋼板表面に平行で細長くなっているので、板厚方向の垂直探傷が行われる。
89,次の文は、鍛鋼品に発生するきずの特徴について述べたものである。正しいものを一つ選び、記号で答えよ。,偏析きずは、軸状の試験体では、軸方向からの探傷でよく検出される。,ざくきずは、鍛鋼品のほぼ中心付近に集中して検出され、大きいきずの場合、底面エコーの低下が著しい。,粗大結晶粒による林状エコーは、軸状の試験体では中心付近に群立する。,偏析きずは、軸状の試験体では、円周方向の探傷で、検出されない。,b,ざくきずは、ほぼ中心付近に集中してきずエコーが検出され、きずが大きい場合は、底面エコーの低下が著しい。
90,次の文は、板厚が20mm程度の鋼板の突合せ溶接部に発生するきずについて述べたものである。正しいものを一つ選び、記号で答えよ。,多電極により溶接するサブマージアーク溶接では、層間に融合不良が発生しやすい。,サブマージアーク溶接は、溶接前にフラックスを散布するので、開先部が濡れるなどしていてもフラックスで吸収するためブローホールなどのきずは発生しにくい。,CO２半自動溶接を行う溶接部は、風が強い場合などにシールドガスが飛散し、ブローホールなどが発生しやすい。,Ｘ開先でCO２半自動溶接を行う場合、表面の溶接を行った後、裏面側の１層目は特にガウジングなどをしなくとも溶込みは十分得られるので、溶込み不良などのきずは発生しにくい。,c,現場溶接の場合、アーク近傍に強風が流れた場合、シールドガスを乱し、大気を巻き込むことによりブローホールが発生する。
91,次の文は、板厚25mm程度の鋼板の、X開先溶接部におけるきずの発生の要因について述べたものである。正しいものを一つ選び、記号で答えよ。,サブマージアーク溶接の場合、フラックス中に水分が存在する場合、アンダーカットが発生しやすい。,CO２半自動溶接の場合、風の影響でCO２ガスのシールドが完全でない場合、割れを発生しやすい。,CO２半自動溶接で多層盛の場合、層間のスラグを良く除去しないと溶込み不良やブローホールが発生しやすい。,被覆アーク溶接で多層盛の場合、表面側の溶接後、裏面側の溶接を行う場合、裏面側開先部のガウジングを十分行わないと内部の溶込み不良が発生しやすい。,d,被覆アーク溶接で多層盛の場合、表面側の溶接後、裏面側の溶接を行う場合、裏面側開先部のガウジングを十分行わないと内部の溶込み不良が発生しやすい。
92,次の文は、JIS Z 3060に基づく鋼溶接部の探傷における探傷範囲の選定について述べたものである。正しいものを一つ選び、記号で答えよ。,突合せ継手で片面両側から探傷を行う場合、探傷範囲は、直射法及び一回反射法の範囲である。,突合せ継手で両面両側から探傷を行う場合、探傷範囲は、直射法及び一回反射法の範囲である。,T継手で両面片側から探傷を行う場合、探傷範囲は、直射法及び一回反射法の範囲である。,角継手で片面片側から探傷を行う場合、探傷範囲は、直射法の範囲である。,a,JIS Z 3060付属書Bでは、突合継手片面両側の探傷は直射法及び一回反射法、突合継手両面両側の探傷は直射法と規定している。
93,次の文はJIS G 0801について述べたものである。［１］に適する語句を一つ選び、記号で答えよ。JIS G 0801の適用範囲は、原子炉、[１]、圧力容器などに使用する厚さ6mm以上、300mm以下の炭素鋼又は合金鋼（但し、ステンレス鋼を除く）の鋼板に対する自動又は手動による超音波探傷検査方法について規定している。,建築,橋梁,ボイラ,船舶,c,JIS G 0801の適用範囲は、原子炉、ボイラ、圧力容器などに使用する鋼板に対する超音波探傷検査方法について規定している。
94,次の文は、JIS Z 3060について述べたものである。〔1〕に適する語句を一つ選び、記号で答えよ。JIS Z 3060の適用範囲は、厚さ〔1〕mm以上のフェライト系鋼の完全溶込み溶接部に対して、パルス反射法によるAスコープ表示の探傷器を使用して、手動で行う超音波探傷試験方法について規定している。,6,9,13,19,a,JIS Z 3060の適用範囲は、厚さ6mm以上のフェライト系鋼の完全溶込み溶接部に対して規定している。
95,次の文は、圧力容器用鋼板の超音波探傷について述べたものである。厚さ30mmの圧力容器用鋼板を探触子5C20Nを使用してJIS G 0801によって探傷した。探傷感度は、STB-N1の標準穴のエコー高さを50%に調整した。この鋼板の探傷面は粗く、STB-N1と比べて伝達効率等が10dB低い。この鋼板を、伝達効率の補正を行わずに探傷したとき、エコー高さ(F1)が40％のきずが検出されたとする。この場合、このきずを〔１〕であると誤って判断することになる。,重きず,中きず,軽きず,検出の必要がないきず,c,補正をする前では40%のエコー高さは軽きずと判断されるが、補正感度10dBを加えた条件で探傷を行うと約120％となり重きずと評価される。
96,次の文は、JIS Z 3060によりSTB-A2形系のφ4mm、深さ4mmの標準穴を用いて感度調整する場合について述べたものである。正しいものを一つ選び、記号で答えよ。,屈折角45度の探触子を使用する場合は、H線に探傷感度を合わせて探傷を行う。,屈折角65度の探触子を使用する場合は、H線に探傷感度を合わせて探傷を行う。,屈折角70度の探触子を使用する場合は、H線に探傷感度を合わせて探傷を行う。,屈折角60度の探触子を使用する場合は、M線に探傷感度を合わせて探傷を行う。,c,公称屈折角70度を使用する場合は、標準穴のエコー高さをH線に合わせて必要に応じて感度補正を加えて、探傷感度とする。
97,次の文は、JIS G 0801に基づく垂直探傷のきず分類に関する規定について述べたものである。正しいものを一つ選び、記号で答えよ。,エコー高さが100%のきずは、中きずで、表示記号は△となる。,エコー高さが50%のきずは、中きずで、表示記号は△となる。,エコー高さが25%のきずは、軽きずで、表示記号は〇となる。,エコー高さが49%のきずは、中きずで、表示記号は△となる。,a,軽きず：25%＜F１≦50%（表示記号〇）、中きず：50%＜F１≦100%（表示記号△）、重きず：F１＞100%（表示記号×）
98,次の文は、JIS Z 3060に基づく鋼溶接部の斜角探傷における探傷感度の調整について述べたものである。正しいものを一つ選び、記号で答えよ。,探触子の屈折角70度を使用する場合、RB-41Aの標準穴のエコー高さをＨ線に調整する。,探触子の屈折角65度を使用する場合、RB-41Aの標準穴のエコー高さをＭ線に調整する。,探触子の屈折角70度を使用する場合で、RB-41Bを用いる場合、標準穴のエコー高さをＨ線に調整した後、感度補正量が3dBを超える場合には感度補正を行う。,探触子の屈折角70度を使用し、使用する最大のビーム路程が200mmの場合で、STB-A2を用いる場合、φ4mm、深さ4mmの標準穴のエコー高さをＨ線に調整した後、感度補正量が4dBを超える場合には感度補正を行う。,a,RB-41Aによる場合、標準穴のエコー高さが、H線に一致するようゲインを調整し、探傷感度とする。
99,次の文は、JIS Z 3060に記載されているRB-41Aについて述べたものである。正しいものを一つ選び、記号で答えよ。,RB-41Aを用いてエコー高さ区分線を作成する場合、基準となる反射源に探触子を正対させるには、探触子を試験片の側面に沿わせて前後走査させるとよい。,RB-41Aは自作が可能で、直径3.2mmの横穴を加工する。,RB-41Aは、探傷面を標準試験片のように平滑な面仕上げにする。,RB-41Aは、試験体と同等の音響特性の鋼材、探傷面の状態で、曲率をもたないものとする。,d,JIS Z 3060でRB-41Aは、『試験体と同等の音響特性の鋼材、探傷面の状態で、曲率をもたないものとする。試験体との音速差は±2%以内、感度補正量の差が±2dB以内とする。』と規定されている。
100,次の文は、斜角探傷における超音波探傷器の探傷図形について述べたものである。正しいものを一つ選び、記号で答えよ。,鋼溶接部の斜角探傷試験において、ゲート範囲は測定範囲全体に掛けておくと、作業効率を上げることができる。,探傷の際、表示器の表示モードは常時ＭＡ波形表示に設定しておいた方が、きずの最大エコーを正しく測定することができる。,デジタル探傷器を用いて斜角探傷を行う場合、あらかじめ探傷装置に屈折角と板厚の数値を入力しておけば、きず位置は画面表示されるので、探傷作業中は、きずの位置の表示部だけを監視する。,デジタル探傷器を用いて斜角探傷を行う場合、ビーム路程の読み取りはゲートで捉えられたエコーについて、表示部に示された数値を読み取るのがよい。,d,エコー高さについては、多くはゲート内の最大高さを検出してエコー高さを表示する。したがって設定したゲート内に着目するエコーより高いエコーがある場合、着目するエコーのみにゲートが掛かるようにゲート幅、位置などを調整する必要がある。
101,次の文は、斜角探触子（5Z10×10A45、5Z10×10A60、5Z10×10A70）を用いた場合の鋼のコーナーエコーの反射率について述べたものである。正しいものを一つ選び、記号で答えよ。,反射率が高い順から並べると、７０度、６０度、４５度となる。,反射率が高い順から並べると、６０度、７０度、４５度となる。,反射率は、いずれも同じである。,反射率が最も低いのは、６０度である。,d,コーナーエコーでの反射率は、高い順から並べると、45度、70度、60度の順となる。（45度は全反射、70度は約50%、60度は13%の反射率）
102,次の文は、Ｋ走査探傷法について述べたものである。正しいものを一つ選び、記号で答えよ。,Ｋ走査探傷法とは、鋼材溶接部のブローホールの検出を目的とした探傷法である。,Ｋ走査探傷法とは、鉄筋圧接部の不完全接合部の検出に用いる探傷法である。,Ｋ走査探傷法とは、探触子を向かい合わせた状態で探傷する方法である。,Ｋ走査探傷法とは、角継手の溶込み幅の測定に有効な探傷法である。,b,K走査探傷法とは、鉄筋圧接部の不完全接合部を検出する探傷法である。送信側探触子から発信された超音波が不完全接合部で反射され受信側探触子に受信される超音波の経路が英字のKに似ている所から、この探傷法をK走査探傷法と呼ぶ。
103,次の文は、両面平行な鋼板を局部水浸法によって垂直探傷した結果について述べたものである。水距離を鋼板の厚さの1/3にして探傷したものであり、鋼板の縦波音速を5920m/s、横波音速を3230m/s、水の縦波音速を1480m/sとする。試験体の厚さは約何mmか。,20,40,60,80,c,局部水浸法の探傷図形で、S1のビーム路程80mmは鋼で調整したビーム路程なので水の縦波音速に変換すると、80×1480/5920=20mmとなり、これが水距離である。試験体の厚さはB1－S1で、ビーム路程140-80=60mm（水距離の3倍）となる。
104,次の文は、垂直探傷におけるＳＴＢを用いた感度調整について述べたものである。正しいものを一つ選び、記号で答えよ。,試験片方式による感度調整は、減衰が少ない試験体にだけ適用できる。,試験片方式による感度調整は、試験体の探傷面と底面が平行でないと適用できない。,試験片方式による感度調整は、減衰の著しい試験体のとき、きずを過小評価する恐れがある。,試験片方式による感度調整は、試験体の探傷面の粗さの影響を受けにくい。,c,試験片方式の主な特徴：①試験片方式では試験面の粗さ、試験体の減衰の影響を受ける。②探傷面と底面は平行でなくてもよい。③減衰の大きな試験体では過小評価する。
105,次の文は、減衰のある鍛鋼品の垂直探傷における感度調整について述べたものである。正しいものを一つ選び、記号で答えよ。,底面エコー方式の感度調整による探傷では、試験片方式による感度調整よりも、きずを小さめに評価する傾向がある。,底面エコー方式の感度調整による探傷では、試験片方式による感度調整よりも、きずを大きめに評価する傾向がある。,底面エコー方式の感度調整による探傷では、減衰の影響を受けないで、きずを評価することができる。,底面エコー方式の感度調整による探傷では、減衰量を特に補正しなくても、きずを評価することができる。,b,底面エコー方式による感度調整では、減衰の大きな試験体では、試験片方式による感度調整よりも、過大評価する傾向がある。
106,次の文は、垂直探傷における感度調整について述べたものである。正しいものを一つ選び、記号で答えよ。,底面エコー方式による感度調整では、試験体の減衰が大きい場合、きずを過小評価する傾向にある。,試験片方式による感度調整では、試験体の減衰が大きい場合、きずを過大評価する恐れがある。,底面エコー方式による感度調整は、試験体の探傷面の粗さの影響を受けにくい。,試験片方式による感度調整は、試験体の探傷面の粗さの影響を受けにくい。,c,底面エコー方式による感度調整では、きずを過大評価する傾向がある。試験片方式による感度調整では、きずを過小評価する恐れがあり、また試験体の表面粗さの影響を受けやすい。
107,次の文は、超音波探傷における感度調整について述べたものである。正しいものを一つ選び、記号で答えよ。,標準試験片や対比試験片に加工されている標準穴は、決められた形状・寸法の穴であり、超音波探傷器の感度調整などを行うとき標準反射源として用いる。,対比試験片に加工されている標準穴は、任意の穴径に加工することができる。,試験片方式の感度調整では、きず部の底面エコーを基準としている。,底面エコー方式の感度調整では、きずエコーが最大になった時のきず部の底面エコーを基準としている。,a,標準試験片は、JIS規格によって定められた試験片で、形状寸法や標準穴の寸法が定められている。対比試験片も、形状や穴径はJISに規定されている。
108,次の文は、斜角探傷におけるエコー高さ区分線の作成について述べたものである。正しいものを一つ選び、記号で答えよ。,表示器に描いたエコー高さ区分線は、探触子の購入時に描いたものが、そのまま使用できる。,周波数、振動子サイズ、屈折角が同じ探触子で同一の探傷器に接続して用いる場合に限り、ゼロ点補正だけを行えば、エコー高さ区分線は共通に使用可能である。,RB-41Aを用いて作成したエコー高さ区分線を使用して試験体の探傷を行う場合は感度補正の必要はない。,エコー高さ区分線は、0.5S及び1Sの範囲は精度よく描かなければならないが、1.5S以上の範囲ではあまり使用されないため精度は要求されない。,c,RB-41Aは、試験体と同等の音響特性（試験体との音速差±2%以内、感度補正量の差が±2dB以内）の鋼材及び探傷面の状態で曲率をもたないことが要求されているため、感度補正は必要としない。
109,次の文は、ＤＧＳ線図の利用について述べたものである。2C20Nの探触子を用いて、厚さ200mmの鋼製試験体を垂直探傷した。探傷感度は試験片方式でSTB-G V8のエコー高さを50%に調整した。ビーム路程150mmの位置でエコー高さ96%のきずを検出した。このきずを超音波ビームに垂直な円形平面きずとして、その直径をDGS線図を使用して求めると何mmとなるか。,2.1,3.0,3.5,5.0,d,STB-G V8の標準穴は探傷面から80mmで、その標準穴の直径は2mm。80mmの深さにある直径2mmの相対エコー高さは、DGS線図より-36.5dB。きずの相対エコー高さは-36.5+5.7=-30.8dBとなり、きずの深さ150mmに対する等価きず直径を読むと、5.0mmとなる。
110,次の文は、ＤＧＳ線図について述べたものである。周波数5MHz、振動子直径20mmの探触子を用いて、ある鋼製試験体を垂直探傷した。探傷面から90mmの位置にSTB-G V15シリーズの標準きずのエコー高さより、8dB高いきずエコーを検出した。このきずを超音波ビームに垂直な円形平面きずとしてその直径をＤＧＳ線図から測定したところ、直径3.6mmと推定できた。このとき使用した標準試験片の種類はどれか。,STB-G V15-1.4,STB-G V15-2,STB-G V15-2.8,STB-G V15-4,c,きずの相対エコー高さはDGS線図より-20dBと読める。よって標準試験片の標準きずエコーは-20dB-8dB=-28dBであり、標準きずの位置150mmと相対エコー高さ-28dBをDGS線図で等価きず直径を読むと、2.8mmと読める。よってSTB-G V15-2.8が使用した標準試験片である。
111,次の文は、DGS線図を用いて等価きず直径を推定する方法について述べたものである。DGS線図を用いて等価きず直径を推定する場合、基準としてSTB-Gの円形平面きずを用いる場合のほか、どのような方法があるか。,STB-A2 φ4mm、深さ4mmの縦穴を基準とする。,RB-41Aに規定する横穴を基準とする。,試験体の健全部の底面エコーを基準とする。,STB-N1 φ5.6mmの円形平面きずを基準とする。,c,DGS線図を用いて等価きず直径を推定する方法としては、STB-Gの円形平面きず用いる試験片方式の他に、試験体健全部の底面エコーを基準にする底面エコー方式を用いる場合がある。
112,次の文は、エコー高さの評価について述べたものである。正しいものを一つ選び、記号で答えよ。,F/BFとは、きずエコー高さときずエコーが最大となる位置での底面エコー高さとの比で、きずの大きさにかかわらず材料の減衰値が一定であれば常に一定の値になる。,F/BGを用いる場合、健全部の底面エコー高さで感度調整すれば、同材質、同一形状の試験体について同一感度で探傷できる。,F/BGは、きずエコー高さと健全部の底面エコー高さとの比であるが、探傷面の粗さが変化してもFエコー高さもBGエコー高さも変わらない。,探傷面の粗さにかかわらず接触媒質の種類によるエコー高さへの影響はない。,b,F/BG（エフ・バイ・ビージー）：健全部のB1に対するきずエコーの大きさ。特徴：①探傷面の影響を受ける。②同一材質、同一形状の試験体の場合、作業性がよい。③大きなきずが傾いている場合、過小評価になる。
113,次の文は、超音波探傷におけるきず高さの測定について述べたものである。正しいものを一つ選び、記号で答えよ。,きず高さは、垂直探傷試験で容易に測定することができる。,きず高さは、探傷面からのきず上端部までの寸法である。,きず高さは、TOFD法や端部エコー法で測定することができる。,きず高さは、V透過法で測定することができる。,c,きず高さの測定方法には、端部エコー法、表面波法及びTOFD法などがある。
114,板厚19mmの鋼突合せ溶接部を5Z10×10A70を用いて、STB-A2により探傷感度を調整し、検出レベルをM検出レベルに選定して斜角探傷した。その結果ビーム路程が59mmの位置にエコー高さが80％のきずエコーが検出された。きずの指示長さはいくらになるか。,23,28,33,60,c,JIS Z 3060ではM検出レベルでも、きずの指示長さ測定はL線を超える探触子の移動範囲と定められている。L線を超える範囲から指示長さは33mmとなる。
115,板厚19mmの鋼突合せ溶接部を5Z10×10A70を用いて、STB-A2により探傷感度を調整し、検出レベルをL検出レベルに選定して斜角探傷した。その結果ビーム路程が75mmの位置にエコー高さが70％のきずエコーが検出された。この場合きずの指示長さはいくらになるか。,40,52,55,63,d,L線との交点は13％と読むことができる。L線を超える範囲を読み取ると107mmから170mmの範囲となり、きずの指示長さは63mmとなる。
116,次の文は、超音波探傷試験における林状エコーについて述べたものである。正しいものを一つ選び、記号で答えよ。,林状エコーは、試験体中の結晶粒界による超音波の散乱によって生じる。,広帯域探触子を使うと、林状エコーが高くなる。,試験周波数を高めると、林状エコーが低くなる。,パルス繰返し周波数を高めると、林状エコーが低くなる。,a,超音波の周波数が高い場合や結晶粒が粗大な場合には、散乱減衰が大きく、結晶粒界における散乱などにより林状エコーが表れやすい。広帯域(高分解能)探触子を使用すれば組織が粗い試験体のＳＮ比の向上が期待できる。
117,次の文は、平板継手溶接部をJIS Z 3060により探傷し、検出されたきずの評価について述べたものである。厚さ20mmの鋼突合せ溶接部を、JIS Z 3060により超音波探傷をしたところ、同じ断面位置で数箇所からきずを検出した。きずAとBの指示長さは各20mm、その間隔が10mm、きずCの指示長さは10mmで、BとCの間隔は25mmであった。この溶接部のきずの分類は何類か。,1類,2類,3類,4類,d,"JIS Z 3060では、きずときずの間隔が大きい方のきずの指示長さと同じか又はそれより短い場合は同一きず群とみなす。A,Bは同一きず群でCは独立したきず。A、B同一きず群は20+10+20=50mmで4類、Cは指示長さ10mmで2類。この溶接部のきずの分類は4類である。"
118,次の文は、柱－梁の十字継手の斜角探傷について述べたものである。探傷箇所①のY=102mm、W=75mmで検出されたエコーの反射源として想定されるものはどれか。,レ形溶接部の開先面の融合不良,水平部材中の母材のきず,裏当金溶接部のきず,溶接金属中のきず,b,探傷箇所①の反射源位置を計算すると、A面からの深さd=2T-Wcosθ=40-75×cos70°=14.3mm、基準面からの距離k=Y-Wsinθ=102-75×sin70°=+31.5mmとなり、水平部材中の母材のきずと推定される。
119,次の文は、裏当て金付きＴ継手溶接部の斜角探傷について述べたものである。A面から超音波探傷したところ、探触子溶接部距離がＹ＝９１ｍｍで探傷図形が得られた。探触子5Z10×10A70、STB屈折角70.0°、測定範囲125mm、ビーム路程85mmの場合、Ａ面からの深さは何mmか。,9,23,27,29,c,A面からの深さ：d=W×cosθ＝85×cos70°＝29mm、板厚28mmであるので1回反射しておりd=2T-W×cosθ＝2×28-29＝27mm
120,次の文は、垂直探傷における残留エコーの発生について述べたものである。正しいものを一つ選び、記号で答えよ。,減衰が大きい材料で、パルス繰返し周波数が低すぎると残留エコーが発生する。,減衰が大きい材料で、パルス繰返し周波数が高すぎると残留エコーが発生する。,減衰が小さい材料で、パルス繰返し周波数が低すぎると残留エコーが発生する。,減衰が小さい材料で、パルス繰返し周波数が高すぎると残留エコーが発生する。,d,残留エコーとは、パルス反射法において試験体中のエコーが、次のパルスが送信された後も残っているため、受信されて探傷図形に現れるエコーである。減衰の少ない材料を探傷する場合、パルス繰返し周波数が高いと、一つ前のパルスが残ってしまい、残留エコーとして現れる。
121,次の文は、保守検査で材質STPT（高温配管用炭素鋼鋼管）、100Aのプラント配管の肉厚測定について述べたものである。測定上の注意点について正しいものを一つ選び、記号で答えよ。ただし、プラントは稼働中で内部は100℃の蒸気配管である。,探触子は、市販の厚さ測定用探触子を用いる。,接触媒質は、測定面の温度で十分性能を発揮する高温用の接触媒質を使用する。,厚さ計の調整は、試験体と同材質で厚さが正確なものを使用し作業事務所で行う。,探触子の接触時間は、安定した値が得られるよう十分な時間とする。,b,通常の接触媒質では、高温によって蒸発してしまい、接触媒質としての役割を果たさなくなってしまう。そこで、必ず高温専用の接触媒質を適用する必要がある。また、探触子が接触する測定時間はできるだけ短くした方が器材への負担は軽くなる。
122,次の文は、ある金属材料の垂直探傷について述べたものである。垂直探触子5Z20Nを使用し、STB-A1（音速5900m/s）によって測定範囲を100mmに調整して、長さ70.0mmのある材料を超音波探傷したら、ビーム路程89.0mmの位置に第1回底面エコーが現れた。この材料の材質は何か。,アルミニウム(6260m/s),チタン(5990m/s),黄銅(4640m/s),18-8ステンレス(5790m/s),c,測定物の音速＝K×STB-A1の音速＝0.7865×5900≒4640m/sとなる。STB-A1より音速が遅いと70mmより長く表示される。よって黄銅である。
123,次の文は、ある金属材料の垂直探傷について述べたものである。垂直探触子5Z20Nを使用し、STB-A1（音速5900m/s）によって測定範囲を100mmに調整して、長さ80.0mmのある材料を超音波探傷したら、ビーム路程75.5mmの位置に第1回底面エコーが現れた。この材料の材質は何か。,鉛(2170m/s),アルミニウム(6260m/s),軟鋼(5900m/s),18-8ステンレス(5790m/s),b,測定物の音速＝T×STB-A1の音速／S＝80×5900/75.5＝6251.7≒6260m/s。STB-A1より音速が速いと80mmより短く表示される。よってアルミニウムである。
124,次の文は、JIS G 0801によって、探触子5C20Nを用いて板厚19mmの厚鋼板を垂直探傷し、探傷図形に「積算効果」が現れたときの評価について述べたものである。正しいものを一つ選び、記号で答えよ。,板厚30mmを超える厚鋼板の探傷と同様に、Ｆ１で評価すべきである。,板厚30mm以下であるからＦ２で評価すべきである。,板厚30mm以下であるからＦ３で評価すべきである。,Ｆエコーの最大値で評価すべきである。,a,積算効果は比較的板厚が薄い、減衰の少ない、底面反射回数の多い鋼板の試験体によく見られる。また、きずエコーを評価する場合、たとえ2回目、3回目のエコー高さが高くても、F1で評価を行なう。
125,次の文は、林状エコーに対する対策について述べたものである。正しいものを一つ選び、記号で答えよ。,林状エコーが多数発生する試験体の探傷では、振動子が小さい探触子を用いる。,林状エコーが多数発生する試験体の探傷では、狭帯域探触子を用いる。,林状エコーが多数発生する試験体の探傷では、広帯域探触子を用いる。,林状エコーが多数発生する試験体の探傷では、高い周波数の探触子を用いる。,c,超音波の波長が金属の結晶粒の大きさと同程度ないしそれ以下のとき、散乱減衰が大きく、林状エコーが現れてきずの検出が困難になる。このような場合、低い周波数を適用する。広帯域探触子は周波数範囲が広くエコーの幅が短く分解能が良い。これを組織の粗い試験体に用いるとSN比の向上が期待できる。
126,次の文は、溶接部の超音波探傷試験において林状エコーが多く現れた場合の対応について述べたものである。正しいものを一つ選び、記号で答えよ。,時間をしばらく空けて、夜間に再探傷を実施した。,周波数の低い探触子又は、広帯域探触子を用いて、再探傷を実施した。,周波数の高い探触子を用いて、再探傷を実施した。,きずエコーを明瞭に検出するため、探傷感度を6dB高めて再探傷した。,b,林状エコーが多く現れた場合の対処方法として、低い周波数の探触子又は広帯域探触子を使用することで林状エコーは改善する。
127,次の文は、溶接部の超音波探傷試験における妨害エコーについて述べたものである。正しいものを一つ選び、記号で答えよ。,溶接部の探傷では、探傷データから反射源の位置を算出し、溶接部の断面形状、寸法を考慮して、きずエコーか妨害エコーかの判断をする。,斜角探傷で溶接部のビード止端部付近からのエコーが検出された。これは余盛による妨害エコーと判断するのがよい。,溶接部の妨害エコーは、溶接部の形状（余盛や裏当て金など）によってモード変換を起こしたクリーピング波によるエコーである。,裏はつり形式のT継手溶接部では、柱材との隙間のタレ込みからの妨害エコーが発生しやすい。,a,検出したエコーの反射源の位置を算出し、検出した位置の形状を考慮して妨害エコーであるかきずエコーであるかの判断をする。溶接ビード止端部付近は割れが発生しやすく、これを余盛による妨害エコーと判断するのは軽率である。
128,次の文は、JIS Z 3060に規定する試験報告書に必要な記録項目を示したものである。正しいものを一つ選び、記号で答えよ。,試験年月日、試験技術者名、試験技術者の資格,探傷器繰返し周波数、探傷器製造年月日,標準試験片購入年月日、対比試験片の製造年月日,試験体の溶接日時、試験体の製造者,a,JIS Z 3060の11記録では、試験年月日、試験技術者名、試験技術者の資格が含まれている。その他としては、工事名・溶接方法及び開先形状・使用した探傷器名と識別番号・探傷器の点検年月日・検査結果ときずエコーの詳細記録・合否及びその基準等を記載する。
129,次の文は、JIS G 0587による超音波探傷試験報告書について述べたものである。正しいものを一つ選び、記号で答えよ。,超音波探傷試験報告書は、事前に受渡当事者間で取り決めた場合には、その内容に従って作成すればよい。,超音波探傷試験報告書には、製造日、試験日、出荷予定日の記載を含む。,鍛鋼品に関する記録には、品番を記載すれば材質、寸法は特に記載しなくともよい。,試験結果の報告項目には、表面粗さ、減衰係数、減衰補正量、きずの位置、きずの分類を含む。,a,JIS G 0587では、『11.報告』の一般事項で『鍛鋼品の試験を行った場合、次に示す項目について記録し、報告しなければならない。あらかじめ受渡当事者間で取り決めた場合はその協定による。』とある。
130,次の文は、JIS Z 2305に基づく超音波探傷試験技術者レベル2の役割の内容について述べたものである。正しいものを一つ選び、記号で答えよ。,使用する特定のNDT方法を指定する。,NDTを実施し、監督する。,規格、コードを解釈する。,NDT手順を作成する。,b,レベル2に認証された技術者はNDT手順に従ってNDTを実施する力量を実証している。レベル2技術者は、NDTを実施し、監督することができる。
131,次の文は、JIS Z 3060による探傷装置の調整及び点検について述べたものである。正しいものを一つ選び、記号で答えよ。,測定範囲及び探傷感度は作業開始時に調整しなければならないが、入射点及びSTB屈折角は継続して使用している場合は前日の値を使用してもよい。,測定範囲及び探傷感度は作業開始時、作業開始から4時間以内ごと及び作業終了時に点検し確認しなければならない。,再点検時、探傷感度が直前の調整又は確認時より3dB低下している場合は、再調整し直前に調整又は確認した以後に実施した試験を再試験する。,再点検時、探傷感度が直前の調整又は確認時より3dB増加している場合は、再調整し直前に調整又は確認した以後に実施した試験で、きずを検出した部分を再試験する。,b,JIS Z 3060の9.1.7探傷装置の測定、調整及び点検では、『入射点、STB屈折角、測定範囲及び探傷感度は、作業開始時に測定及び調整する。また、これらは作業開始後4時間以内ごと及び作業終了時に点検し、これらの条件の変化量を確認する。』とある。
